Institution,State,Control,Median earnings 4 years after graduating,Cal Poly?
Georgetown University,DC,"Private, nonprofit",99007,
Washington University in St Louis,MO,"Private, nonprofit",91787,
Dartmouth College,NH,"Private, nonprofit",86896,
Carnegie Mellon University,PA,"Private, nonprofit",82433,
George Washington University,DC,"Private, nonprofit",79187,
Cornell University,NY,"Private, nonprofit",78049,
Santa Clara University,CA,"Private, nonprofit",75742,
Virginia Military Institute,VA,Public,75059,
Lehigh University,PA,"Private, nonprofit",74939,
Gettysburg College,PA,"Private, nonprofit",74466,
University of San Diego,CA,"Private, nonprofit",74178,
College of the Holy Cross,MA,"Private, nonprofit",74095,
Villanova University,PA,"Private, nonprofit",73684,
Northwestern University,IL,"Private, nonprofit",73646,
Lafayette College,PA,"Private, nonprofit",73435,
Clarkson University,NY,"Private, nonprofit",73359,
Duke University,NC,"Private, nonprofit",73359,
University of Pennsylvania,PA,"Private, nonprofit",73012,
Williams College,MA,"Private, nonprofit",72891,
Misericordia University,PA,"Private, nonprofit",72572,
Southern Methodist University,TX,"Private, nonprofit",72136,
Vanderbilt University,TN,"Private, nonprofit",71584,
University of Southern California,CA,"Private, nonprofit",70461,
Fairfield University,CT,"Private, nonprofit",70211,
Saint Mary's College of California,CA,"Private, nonprofit",70123,
Boston College,MA,"Private, nonprofit",70033,
Elon University,NC,"Private, nonprofit",69856,
University of Notre Dame,IN,"Private, nonprofit",69793,
Trinity College,CT,"Private, nonprofit",69730,
Binghamton University,NY,Public,67249,
National University,CA,"Private, nonprofit",66849,
Bucknell University,PA,"Private, nonprofit",66206,
Saint Francis University,PA,"Private, nonprofit",66010,
Drew University,NJ,"Private, nonprofit",65997,
Bates College,ME,"Private, nonprofit",65926,
Syracuse University,NY,"Private, nonprofit",65694,
Texas Christian University,TX,"Private, nonprofit",65356,
Hood College,MD,"Private, nonprofit",65110,
Baylor University,TX,"Private, nonprofit",65090,
University of San Francisco,CA,"Private, nonprofit",65071,
Wake Forest University,NC,"Private, nonprofit",64814,
Manhattan University,NY,"Private, nonprofit",64684,
CUNY Graduate School and University Center,NY,Public,64619,
University of Richmond,VA,"Private, nonprofit",64584,
Bradley University,IL,"Private, nonprofit",64378,
Azusa Pacific University,CA,"Private, nonprofit",63963,
Stonehill College,MA,"Private, nonprofit",63957,
Manhattanville University,NY,"Private, nonprofit",63908,
Notre Dame de Namur University,CA,"Private, nonprofit",63847,
Boston University,MA,"Private, nonprofit",63838,
Providence College,RI,"Private, nonprofit",63746,
Chapman University,CA,"Private, nonprofit",63617,
Yale University,CT,"Private, nonprofit",63396,
Drexel University,PA,"Private, nonprofit",63287,
Siena University,NY,"Private, nonprofit",63227,
Haverford College,PA,"Private, nonprofit",63040,
University of California-Berkeley,CA,Public,62835,
Marist University,NY,"Private, nonprofit",62821,
University of Virginia-Main Campus,VA,Public,62794,
St. John's University-New York,NY,"Private, nonprofit",62672,
Jacksonville University,FL,"Private, nonprofit",62622,
Merrimack College,MA,"Private, nonprofit",62567,
George Mason University,VA,Public,62563,
Pacific University,OR,"Private, nonprofit",62484,
St Lawrence University,NY,"Private, nonprofit",62479,
The College of New Jersey,NJ,Public,62397,
Fordham University,NY,"Private, nonprofit",62273,
American University,DC,"Private, nonprofit",62240,
Brigham Young University,UT,"Private, nonprofit",62106,
North Carolina State University at Raleigh,NC,Public,62032,
University of Puget Sound,WA,"Private, nonprofit",61919,
Assumption University,MA,"Private, nonprofit",61578,
Gonzaga University,WA,"Private, nonprofit",61533,
Florida Institute of Technology,FL,"Private, nonprofit",61516,
Quinnipiac University,CT,"Private, nonprofit",61510,
Adelphi University,NY,"Private, nonprofit",61393,
Sacred Heart University,CT,"Private, nonprofit",61373,
Pepperdine University,CA,"Private, nonprofit",61353,
Dominican University of California,CA,"Private, nonprofit",61339,
St. Mary's College of Maryland,MD,Public,61214,
Widener University,PA,"Private, nonprofit",61205,
Clark University,MA,"Private, nonprofit",61203,
Salve Regina University,RI,"Private, nonprofit",61121,
California Baptist University,CA,"Private, nonprofit",61103,
University of California-Los Angeles,CA,Public,61050,
Loyola Marymount University,CA,"Private, nonprofit",60958,
Muhlenberg College,PA,"Private, nonprofit",60778,
University of Tulsa,OK,"Private, nonprofit",60700,
Holy Names University,CA,"Private, nonprofit",60677,
Minot State University,ND,Public,60575,
Iona University,NY,"Private, nonprofit",60525,
California Polytechnic State University-San Luis Obispo,CA,Public,60466,Yes
Hofstra University,NY,"Private, nonprofit",60448,
St. Thomas Aquinas College,NY,"Private, nonprofit",60409,
Marquette University,WI,"Private, nonprofit",60338,
University of Mary,ND,"Private, nonprofit",60331,
McDaniel College,MD,"Private, nonprofit",60264,
Tulane University of Louisiana,LA,"Private, nonprofit",60260,
The College of Wooster,OH,"Private, nonprofit",60250,
DeSales University,PA,"Private, nonprofit",60001,
University of California-Santa Cruz,CA,Public,59948,
Loyola University Maryland,MD,"Private, nonprofit",59905,
College of Staten Island CUNY,NY,Public,59741,
St. Joseph's University-New York,NY,"Private, nonprofit",59679,
Emory University,GA,"Private, nonprofit",59628,
Hanover College,IN,"Private, nonprofit",59512,
University of Mount Saint Vincent,NY,"Private, nonprofit",59487,
University of Georgia,GA,Public,59446,
University of St Thomas,MN,"Private, nonprofit",59398,
Hobart William Smith Colleges,NY,"Private, nonprofit",59317,
William & Mary,VA,Public,59226,
Rockhurst University,MO,"Private, nonprofit",59160,
California Lutheran University,CA,"Private, nonprofit",59153,
CUNY Hunter College,NY,Public,59149,
Howard University,DC,"Private, nonprofit",59069,
University of Wisconsin-Madison,WI,Public,58901,
Saint Louis University,MO,"Private, nonprofit",58862,
University of Massachusetts Global,CA,Public,58836,
Seattle Pacific University,WA,"Private, nonprofit",58749,
Wagner College,NY,"Private, nonprofit",58724,
Hawaii Pacific University,HI,"Private, nonprofit",58721,
The University of the South,TN,"Private, nonprofit",58715,
Dickinson College,PA,"Private, nonprofit",58706,
CUNY Bernard M Baruch College,NY,Public,58476,
University of Wisconsin-Eau Claire,WI,Public,58458,
University of Minnesota-Twin Cities,MN,Public,58449,
University of Maryland Global Campus,MD,Public,58439,
Whittier College,CA,"Private, nonprofit",58397,
Texas A&M University-College Station,TX,Public,58396,
Augustana University,SD,"Private, nonprofit",58256,
The College of Saint Scholastica,MN,"Private, nonprofit",58255,
Miami University-Hamilton,OH,Public,58255,
Miami University-Middletown,OH,Public,58255,
Miami University-Oxford,OH,Public,58255,
Saint Mary's College,IN,"Private, nonprofit",58218,
Shenandoah University,VA,"Private, nonprofit",58144,
Stony Brook University,NY,Public,58137,
Valparaiso University,IN,"Private, nonprofit",58104,
Seattle University,WA,"Private, nonprofit",57993,
Le Moyne College,NY,"Private, nonprofit",57984,
SUNY College at Geneseo,NY,Public,57972,
University of Connecticut,CT,Public,57961,
University of Connecticut-Waterbury Campus,CT,Public,57961,
University of Connecticut-Avery Point,CT,Public,57961,
University of Connecticut-Stamford,CT,Public,57961,
University of Connecticut-Hartford Campus,,Public,57961,
Maryville University of Saint Louis,MO,"Private, nonprofit",57922,
Illinois Wesleyan University,IL,"Private, nonprofit",57839,
Heritage University,WA,"Private, nonprofit",57815,
Western New England University,MA,"Private, nonprofit",57681,
Oregon State University,OR,Public,57650,
Oregon State University-Cascades Campus,OR,Public,57650,
Alliance University,NY,"Private, nonprofit",57613,
University of Maryland-College Park,MD,Public,57575,
University of Massachusetts-Lowell,MA,Public,57489,
University of North Carolina at Chapel Hill,NC,Public,57477,
College of Saint Benedict,MN,"Private, nonprofit",57475,
Sonoma State University,CA,Public,57335,
Stevenson University,MD,"Private, nonprofit",57285,
Furman University,SC,"Private, nonprofit",57264,
Worcester State University,MA,Public,57244,
St Bonaventure University,NY,"Private, nonprofit",57215,
Roger Williams University,RI,"Private, nonprofit",57212,
CUNY Queens College,NY,Public,57210,
Rider University,NJ,"Private, nonprofit",57202,
Monmouth University,NJ,"Private, nonprofit",57159,
Fisk University,TN,"Private, nonprofit",57147,
University of Florida,FL,Public,57053,
University of Florida-Online,,Public,57053,
Washington & Jefferson College,PA,"Private, nonprofit",57026,
Chatham University,PA,"Private, nonprofit",56980,
Caldwell University,NJ,"Private, nonprofit",56977,
Central College,IA,"Private, nonprofit",56941,
University of La Verne,CA,"Private, nonprofit",56925,
Simpson University,CA,"Private, nonprofit",56902,
University of Colorado Boulder,CO,Public,56867,
Lesley University,MA,"Private, nonprofit",56837,
The University of Texas at Austin,TX,Public,56821,
Saint Ambrose University,IA,"Private, nonprofit",56803,
Occidental College,CA,"Private, nonprofit",56800,
Morgan State University,MD,Public,56741,
High Point University,NC,"Private, nonprofit",56712,
Rivier University,NH,"Private, nonprofit",56686,
Washington State University,WA,Public,56681,
Loyola University Chicago,IL,"Private, nonprofit",56658,
Saint Joseph's University - Philadelphia,PA,"Private, nonprofit",56647,
University of Rhode Island,RI,Public,56571,
Bellevue University,NE,"Private, nonprofit",56540,
Colby-Sawyer College,NH,"Private, nonprofit",56533,
Rutgers University-Camden,NJ,Public,56479,
Rutgers University-New Brunswick,NJ,Public,56479,
Rutgers University-Newark,NJ,Public,56479,
Luther College,IA,"Private, nonprofit",56469,
CUNY Medgar Evers College,NY,Public,56458,
University of Oklahoma-Norman Campus,OK,Public,56458,
Saint Johns University,MN,"Private, nonprofit",56446,
Touro University,NY,"Private, nonprofit",56443,
Marian University,WI,"Private, nonprofit",56434,
University of California-Irvine,CA,Public,56380,
State University of New York at Cortland,NY,Public,56366,
Virginia Polytechnic Institute and State University,VA,Public,56365,
CUNY City College,NY,Public,56223,
James Madison University,VA,Public,56212,
University of Denver,CO,"Private, nonprofit",56161,
University of New Hampshire-Main Campus,NH,Public,56153,
University of New Hampshire at Manchester,NH,Public,56153,
University of New Hampshire College of Professional Studies Online,NH,Public,56153,
Pace University,NY,"Private, nonprofit",56078,
North Park University,IL,"Private, nonprofit",56062,
Michigan State University,MI,Public,56040,
Fairleigh Dickinson University-Metropolitan Campus,NJ,"Private, nonprofit",55977,
Fairleigh Dickinson University-Florham Campus,NJ,"Private, nonprofit",55977,
Walden University,MN,"Private, for-profit",55974,
University of Bridgeport,CT,"Private, nonprofit",55958,
Moravian University,PA,"Private, nonprofit",55931,
San Francisco State University,CA,Public,55902,
Marymount University,VA,"Private, nonprofit",55869,
University of Missouri-Columbia,MO,Public,55839,
Metropolitan State University,MN,Public,55824,
William Jewell College,MO,"Private, nonprofit",55773,
University of Redlands,CA,"Private, nonprofit",55739,
Aurora University,IL,"Private, nonprofit",55697,
Augsburg University,MN,"Private, nonprofit",55673,
DePaul University,IL,"Private, nonprofit",55664,
Case Western Reserve University,OH,"Private, nonprofit",55540,
Arcadia University,PA,"Private, nonprofit",55517,
Seton Hall University,NJ,"Private, nonprofit",55501,
Towson University,MD,Public,55497,
Concordia University Ann Arbor,MI,"Private, nonprofit",55486,
Concordia University-Wisconsin,WI,"Private, nonprofit",55486,
Carroll University,WI,"Private, nonprofit",55446,
Creighton University,NE,"Private, nonprofit",55422,
Weber State University,UT,Public,55417,
Daemen University,NY,"Private, nonprofit",55412,
State University of New York at New Paltz,NY,Public,55378,
Thomas Jefferson University,PA,"Private, nonprofit",55371,
Bethel University,MN,"Private, nonprofit",55370,
University of North Dakota,ND,Public,55333,
University of Kansas,KS,Public,55329,
Georgetown College,KY,"Private, nonprofit",55295,
Lewis & Clark College,OR,"Private, nonprofit",55288,
Marymount Manhattan College,NY,"Private, nonprofit",55226,
California State University-San Marcos,CA,Public,55196,
University of Wisconsin-La Crosse,WI,Public,55173,
Regis College,MA,"Private, nonprofit",55170,
Clemson University,SC,Public,55126,
Keuka College,NY,"Private, nonprofit",55124,
Pacific Lutheran University,WA,"Private, nonprofit",55118,
Albright College,PA,"Private, nonprofit",55100,
University of New England,ME,"Private, nonprofit",55085,
Saint Anselm College,NH,"Private, nonprofit",55084,
University of New Haven,CT,"Private, nonprofit",55058,
Coe College,IA,"Private, nonprofit",55024,
University at Albany,NY,Public,55004,
Xavier University,OH,"Private, nonprofit",54981,
University of Dayton,OH,"Private, nonprofit",54909,
Colorado Christian University,CO,"Private, nonprofit",54887,
John Carroll University,OH,"Private, nonprofit",54870,
Morehouse College,GA,"Private, nonprofit",54867,
Albertus Magnus College,CT,"Private, nonprofit",54784,
North Dakota State University-Main Campus,ND,Public,54784,
Kalamazoo College,MI,"Private, nonprofit",54747,
Georgian Court University,NJ,"Private, nonprofit",54745,
Florida State University,FL,Public,54728,
Salem State University,MA,Public,54717,
American Public University System,WV,"Private, for-profit",54707,
Lasell University,MA,"Private, nonprofit",54702,
Carthage College,WI,"Private, nonprofit",54636,
George Fox University,OR,"Private, nonprofit",54568,
Central Washington University,WA,Public,54530,
Westfield State University,MA,Public,54484,
Wheaton College (Massachusetts),MA,"Private, nonprofit",54483,
California State University-East Bay,CA,Public,54436,
Calvin University,MI,"Private, nonprofit",54412,
The College of Saint Rose,NY,"Private, nonprofit",54410,
Clarke University,IA,"Private, nonprofit",54384,
University of Pittsburgh-Bradford,PA,Public,54379,
University of Pittsburgh-Greensburg,PA,Public,54379,
University of Pittsburgh-Johnstown,PA,Public,54379,
University of Pittsburgh-Pittsburgh Campus,PA,Public,54379,
Northwest University,WA,"Private, nonprofit",54357,
Northwest University-Center for Online and Extended Education,,"Private, nonprofit",54357,
Colorado Mesa University,CO,Public,54321,
University of Indianapolis,IN,"Private, nonprofit",54319,
Northeastern Illinois University,IL,Public,54301,
Life University,GA,"Private, nonprofit",54291,
University of Miami,FL,"Private, nonprofit",54290,
Felician University,NJ,"Private, nonprofit",54288,
Lake Forest College,IL,"Private, nonprofit",54270,
Colorado State University-Fort Collins,CO,Public,54268,
Ohio State University-Lima Campus,OH,Public,54182,
Ohio State University-Mansfield Campus,OH,Public,54182,
Ohio State University-Marion Campus,OH,Public,54182,
Ohio State University-Newark Campus,OH,Public,54182,
Ohio State University-Main Campus,OH,Public,54182,
The College of Idaho,ID,"Private, nonprofit",54179,
Suffolk University,MA,"Private, nonprofit",54117,
University of Scranton,PA,"Private, nonprofit",54088,
Bowie State University,MD,Public,54082,
California State University-Monterey Bay,CA,Public,54074,
CUNY Lehman College,NY,Public,54063,
University of Maryland-Baltimore County,MD,Public,54039,
University of Washington-Seattle Campus,WA,Public,54016,
University of Washington-Bothell Campus,WA,Public,54016,
University of Washington-Tacoma Campus,WA,Public,54016,
Benedictine University,IL,"Private, nonprofit",53994,
The Chicago School at Chicago,IL,"Private, nonprofit",53952,
The Chicago School at Los Angeles,CA,"Private, nonprofit",53952,
The Chicago School at San Diego,,"Private, nonprofit",53952,
The Chicago School at Dallas,,"Private, nonprofit",53952,
Framingham State University,MA,Public,53937,
York College of Pennsylvania,PA,"Private, nonprofit",53927,
Mount Saint Mary College,NY,"Private, nonprofit",53898,
Indiana University-Bloomington,IN,Public,53867,
University of Northern Iowa,IA,Public,53829,
Norwich University,VT,"Private, nonprofit",53775,
The University of Tampa,FL,"Private, nonprofit",53744,
Randolph-Macon College,VA,"Private, nonprofit",53687,
Bay Path University,MA,"Private, nonprofit",53682,
St Olaf College,MN,"Private, nonprofit",53666,
Marian University,IN,"Private, nonprofit",53635,
Montana State University,MT,Public,53623,
Christopher Newport University,VA,Public,53600,
Arizona State University Campus Immersion,AZ,Public,53586,
Arizona State University Digital Immersion,,Public,53586,
St. John Fisher University,NY,"Private, nonprofit",53568,
University of Massachusetts-Dartmouth,MA,Public,53561,
Trinity Washington University,DC,"Private, nonprofit",53543,
University of Rochester,NY,"Private, nonprofit",53520,
Regis University,CO,"Private, nonprofit",53502,
Linfield University,OR,"Private, nonprofit",53493,
Fontbonne University,MO,"Private, nonprofit",53487,
Nevada State University,NV,Public,53468,
Lakeland University,WI,"Private, nonprofit",53448,
Central Michigan University,MI,Public,53422,
Bellarmine University,KY,"Private, nonprofit",53413,
University of Mary Washington,VA,Public,53388,
Endicott College,MA,"Private, nonprofit",53380,
Saint Edward's University,TX,"Private, nonprofit",53373,
Mercy University,NY,"Private, nonprofit",53346,
Florida Southern College,FL,"Private, nonprofit",53344,
Molloy University,NY,"Private, nonprofit",53334,
Gustavus Adolphus College,MN,"Private, nonprofit",53277,
University of Wisconsin-River Falls,WI,Public,53242,
California State University-Sacramento,CA,Public,53237,
Central Connecticut State University,CT,Public,53227,
Western Washington University,WA,Public,53224,
Eckerd College,FL,"Private, nonprofit",53220,
American International College,MA,"Private, nonprofit",53219,
CUNY York College,NY,Public,53156,
University of California-Merced,CA,Public,53143,
Ithaca College,NY,"Private, nonprofit",53057,
Texas Tech University,TX,Public,53051,
Lamar University,TX,Public,53038,
Emporia State University,KS,Public,53022,
Houston Christian University,TX,"Private, nonprofit",53021,
SUNY Old Westbury,NY,Public,53013,
University of Colorado Denver/Anschutz Medical Campus,CO,Public,52990,
Hope College,MI,"Private, nonprofit",52980,
Menlo College,CA,"Private, nonprofit",52942,
University of Houston,TX,Public,52892,
Minnesota State University-Mankato,MN,Public,52859,
The Catholic University of America,DC,"Private, nonprofit",52846,
Nichols College,MA,"Private, nonprofit",52824,
Augustana College,IL,"Private, nonprofit",52818,
University of Vermont,VT,Public,52805,
Charter Oak State College,CT,Public,52803,
Spelman College,GA,"Private, nonprofit",52775,
Rhode Island College,RI,Public,52758,
California State University-Dominguez Hills,CA,Public,52742,
CUNY Brooklyn College,NY,Public,52742,
University of Illinois Chicago,IL,Public,52736,
University of Wyoming,WY,Public,52732,
Concordia University,,"Private, nonprofit",52729,
Florida Gulf Coast University,FL,Public,52722,
Fresno Pacific University,CA,"Private, nonprofit",52695,
Texas Woman's University,TX,Public,52686,
California State University-Chico,CA,Public,52621,
University of the Pacific,CA,"Private, nonprofit",52612,
Viterbo University,WI,"Private, nonprofit",52596,
Saint Michael's College,VT,"Private, nonprofit",52589,
SUNY Buffalo State University,NY,Public,52490,
Concordia University-Saint Paul,MN,"Private, nonprofit",52447,
University of Utah,UT,Public,52440,
Wayne State University,MI,Public,52435,
Western Oregon University,OR,Public,52407,
University of Wisconsin-Stout,WI,Public,52366,
Westminster College,PA,"Private, nonprofit",52339,
University of Wisconsin-Milwaukee,WI,Public,52328,
University at Buffalo,NY,Public,52303,
Randolph College,VA,"Private, nonprofit",52293,
University of Wisconsin-Whitewater,WI,Public,52284,
Alma College,MI,"Private, nonprofit",52280,
Elmhurst University,IL,"Private, nonprofit",52264,
Cazenovia College,NY,"Private, nonprofit",52243,
University of Massachusetts-Boston,MA,Public,52200,
Belmont University,TN,"Private, nonprofit",52172,
Marymount California University,CA,"Private, nonprofit",52117,
North Central College,IL,"Private, nonprofit",52062,
Roosevelt University,IL,"Private, nonprofit",52049,
Wofford College,SC,"Private, nonprofit",52046,
Alvernia University,PA,"Private, nonprofit",52044,
University of Arizona,AZ,Public,52038,
Saint Cloud State University,MN,Public,52031,
Lewis University,IL,"Private, nonprofit",52029,
State University of New York at Oswego,NY,Public,52023,
Walsh University,OH,"Private, nonprofit",51967,
Illinois State University,IL,Public,51941,
Bridgewater State University,MA,Public,51939,
Old Dominion University,VA,Public,51907,
Keene State College,NH,Public,51904,
Fort Hays State University,KS,Public,51898,
University of Minnesota-Duluth,MN,Public,51891,
Rowan University,NJ,Public,51878,
University of Alaska Anchorage,AK,Public,51858,
Notre Dame College,OH,"Private, nonprofit",51799,
Eastern Connecticut State University,CT,Public,51748,
Holy Cross College,IN,"Private, nonprofit",51745,
Mercer University,GA,"Private, nonprofit",51723,
University of Wisconsin-Oshkosh,WI,Public,51721,
Ramapo College of New Jersey,NJ,Public,51710,
Abilene Christian University,TX,"Private, nonprofit",51705,
Abilene Christian University-Undergraduate Online,,"Private, nonprofit",51705,
Antioch University-Los Angeles,CA,"Private, nonprofit",51702,
Antioch University-Santa Barbara,CA,"Private, nonprofit",51702,
Antioch University,OH,"Private, nonprofit",51702,
University of California-San Diego,CA,Public,51679,
Louisiana State University and Agricultural & Mechanical College,LA,Public,51675,
Goldey-Beacom College,DE,"Private, nonprofit",51665,
California State University-Fullerton,CA,Public,51661,
Pittsburg State University,KS,Public,51640,
Shippensburg University of Pennsylvania,PA,Public,51607,
Rochester Institute of Technology,NY,"Private, nonprofit",51577,
Capella University,MN,"Private, for-profit",51571,
University of Nevada-Reno,NV,Public,51553,
Palm Beach Atlantic University,FL,"Private, nonprofit",51530,
California State University-Fresno,CA,Public,51526,
Simmons University,MA,"Private, nonprofit",51474,
University of the Incarnate Word,TX,"Private, nonprofit",51470,
Grand Valley State University,MI,Public,51460,
The University of Texas at Dallas,TX,Public,51459,
Ursinus College,PA,"Private, nonprofit",51443,
Virginia Commonwealth University,VA,Public,51440,
University of Louisville,KY,Public,51387,
Holy Family University,PA,"Private, nonprofit",51374,
SUNY Oneonta,NY,Public,51355,
Eureka College,IL,"Private, nonprofit",51353,
Chaminade University of Honolulu,HI,"Private, nonprofit",51344,
University of Mount Union,OH,"Private, nonprofit",51316,
Whitworth University,WA,"Private, nonprofit",51288,
Eastern Nazarene College,MA,"Private, nonprofit",51277,
University of Massachusetts-Amherst,MA,Public,51274,
West Virginia University Institute of Technology,WV,Public,51263,
West Virginia University,WV,Public,51263,
University of Nevada-Las Vegas,NV,Public,51200,
Boise State University,ID,Public,51184,
Utah State University,UT,Public,51111,
Trinity Christian College,IL,"Private, nonprofit",51104,
Elmira College,NY,"Private, nonprofit",51101,
Saint Martin's University,WA,"Private, nonprofit",51097,
Dominican University,IL,"Private, nonprofit",51093,
Dallas Baptist University,TX,"Private, nonprofit",51088,
University of Wisconsin-Platteville,WI,Public,51083,
University of Hawaii at Hilo,HI,Public,51061,
Kean University,NJ,Public,51052,
Loras College,IA,"Private, nonprofit",51036,
University of Iowa,IA,Public,51031,
Long Island University,NY,"Private, nonprofit",51029,
University of Wisconsin-Stevens Point,WI,Public,51024,
San Diego State University,CA,Public,51021,
University of South Dakota,SD,Public,50993,
Plymouth State University,NH,Public,50968,
Oklahoma State University-Main Campus,OK,Public,50956,
Stockton University,NJ,Public,50947,
Avila University,MO,"Private, nonprofit",50905,
Saint Vincent College,PA,"Private, nonprofit",50904,
Nazareth University,NY,"Private, nonprofit",50903,
Upper Iowa University,IA,"Private, nonprofit",50877,
Multnomah University,OR,"Private, nonprofit",50864,
Gwynedd Mercy University,PA,"Private, nonprofit",50848,
Utica University,NY,"Private, nonprofit",50847,
University of Nebraska at Omaha,NE,Public,50826,
Virginia Union University,VA,"Private, nonprofit",50826,
University of Oregon,OR,Public,50810,
Transylvania University,KY,"Private, nonprofit",50790,
Castleton University,VT,Public,50782,
Northern Vermont University,VT,Public,50782,
Vermont State University,VT,Public,50782,
University of South Carolina Beaufort,SC,Public,50776,
Ripon College,WI,"Private, nonprofit",50762,
State University of New York at Plattsburgh,NY,Public,50673,
Wilmington University,DE,"Private, nonprofit",50669,
Western Michigan University,MI,Public,50655,
Kennesaw State University,,Public,50645,
Southern Connecticut State University,CT,Public,50642,
Auburn University,AL,Public,50633,
Alderson Broaddus University,WV,"Private, nonprofit",50627,
Temple University,PA,Public,50582,
University of Portland,OR,"Private, nonprofit",50579,
Nova Southeastern University,FL,"Private, nonprofit",50563,
Texas State University,TX,Public,50549,
University of North Carolina at Charlotte,NC,Public,50507,
Curry College,MA,"Private, nonprofit",50496,
Northern Arizona University,AZ,Public,50448,
Russell Sage College,NY,"Private, nonprofit",50446,
Southwestern University,TX,"Private, nonprofit",50426,
Western Connecticut State University,CT,Public,50410,
University of Nebraska at Kearney,NE,Public,50360,
William Jessup University,CA,"Private, nonprofit",50354,
California State University-Stanislaus,CA,Public,50348,
Metropolitan State University of Denver,CO,Public,50326,
Nebraska Wesleyan University,NE,"Private, nonprofit",50320,
Salisbury University,MD,Public,50319,
East Carolina University,NC,Public,50270,
King's College,PA,"Private, nonprofit",50244,
Frostburg State University,MD,Public,50210,
South Dakota State University,SD,Public,50210,
Waldorf University,IA,"Private, for-profit",50184,
Christian Brothers University,TN,"Private, nonprofit",50180,
Wittenberg University,OH,"Private, nonprofit",50147,
Eastern Washington University,WA,Public,50125,
Saginaw Valley State University,MI,Public,50066,
Fitchburg State University,MA,Public,50046,
Trevecca Nazarene University,TN,"Private, nonprofit",49989,
Empire State University,NY,Public,49979,
Wheaton College,IL,"Private, nonprofit",49974,
University of Mississippi,MS,Public,49974,
Saint Mary-of-the-Woods College,IN,"Private, nonprofit",49971,
Simpson College,IA,"Private, nonprofit",49966,
University of Nebraska-Lincoln,NE,Public,49965,
Utah Tech University,UT,Public,49965,
Ouachita Baptist University,AR,"Private, nonprofit",49954,
William Penn University,IA,"Private, nonprofit",49929,
Guilford College,NC,"Private, nonprofit",49921,
The University of Alabama,AL,Public,49900,
Massachusetts College of Liberal Arts,MA,Public,49826,
California State University-Northridge,CA,Public,49792,
Southern New Hampshire University,NH,"Private, nonprofit",49769,
University of Central Florida,FL,Public,49760,
California State Polytechnic University-Pomona,CA,Public,49747,
Franklin College,IN,"Private, nonprofit",49687,
Northern Illinois University,IL,Public,49669,
University of Hartford,CT,"Private, nonprofit",49642,
University of North Carolina Wilmington,NC,Public,49609,
Indiana University-East,IN,Public,49596,
Ferris State University,MI,Public,49596,
Concordia University-Irvine,CA,"Private, nonprofit",49593,
Gardner-Webb University,NC,"Private, nonprofit",49587,
Purdue University Fort Wayne,IN,Public,49582,
Pennsylvania State University-Penn State Erie-Behrend College,PA,Public,49543,
Pennsylvania State University-Penn State New Kensington,PA,Public,49543,
Pennsylvania State University-Penn State Wilkes-Barre,PA,Public,49543,
Pennsylvania State University-Penn State Scranton,PA,Public,49543,
Pennsylvania State University-Penn State Lehigh Valley,PA,Public,49543,
Pennsylvania State University-Penn State Altoona,PA,Public,49543,
Pennsylvania State University-Penn State Beaver,PA,Public,49543,
Pennsylvania State University-Penn State Berks,PA,Public,49543,
Pennsylvania State University-Penn State Harrisburg,PA,Public,49543,
Pennsylvania State University-Penn State Brandywine,PA,Public,49543,
Pennsylvania State University-Penn State DuBois,PA,Public,49543,
Pennsylvania State University-Penn State Fayette- Eberly,PA,Public,49543,
Pennsylvania State University-Penn State Hazleton,PA,Public,49543,
Pennsylvania State University-Main Campus,PA,Public,49543,
Pennsylvania State University-Penn State Greater Allegheny,PA,Public,49543,
Pennsylvania State University-Penn State Mont Alto,PA,Public,49543,
Pennsylvania State University-Penn State Schuylkill,PA,Public,49543,
Pennsylvania State University-Penn State York,PA,Public,49543,
Pillar College,NJ,"Private, nonprofit",49543,
Pennsylvania State University-World Campus,PA,Public,49543,
Coppin State University,MD,Public,49542,
Edgewood University,WI,"Private, nonprofit",49536,
University of Saint Joseph,CT,"Private, nonprofit",49532,
Minnesota State University Moorhead,MN,Public,49492,
Eastern Illinois University,IL,Public,49478,
Florida International University,FL,Public,49470,
University of Sioux Falls,SD,"Private, nonprofit",49469,
Salem College,NC,"Private, nonprofit",49464,
University of Northern Colorado,CO,Public,49455,
Biola University,CA,"Private, nonprofit",49450,
Oral Roberts University,OK,"Private, nonprofit",49447,
Olivet Nazarene University,IL,"Private, nonprofit",49427,
St. Augustine College,IL,"Private, nonprofit",49406,
Ohio University-Eastern Campus,OH,Public,49399,
Ohio University-Chillicothe Campus,OH,Public,49399,
Ohio University-Southern Campus,OH,Public,49399,
Ohio University-Lancaster Campus,OH,Public,49399,
Ohio University-Main Campus,OH,Public,49399,
Ohio University-Zanesville Campus,OH,Public,49399,
Oglethorpe University,GA,"Private, nonprofit",49396,
Post University,CT,"Private, for-profit",49393,
Loyola University New Orleans,LA,"Private, nonprofit",49380,
Millersville University of Pennsylvania,PA,Public,49374,
Winona State University,MN,Public,49361,
Missouri University of Science and Technology,MO,Public,49360,
Carroll College,MT,"Private, nonprofit",49321,
Iowa State University,IA,Public,49286,
La Sierra University,CA,"Private, nonprofit",49265,
Springfield College,MA,"Private, nonprofit",49255,
Thomas College,ME,"Private, nonprofit",49253,
Washburn University,KS,Public,49251,
Ave Maria University,FL,"Private, nonprofit",49235,
Wisconsin Lutheran College,WI,"Private, nonprofit",49220,
La Salle University,PA,"Private, nonprofit",49216,
California State University-Bakersfield,CA,Public,49207,
Columbia College,MO,"Private, nonprofit",49166,
University of Minnesota-Morris,MN,Public,49150,
Commonwealth University of Pennsylvania,,Public,49137,
Delaware State University,DE,Public,49132,
Meredith College,NC,"Private, nonprofit",49124,
Bemidji State University,MN,Public,49116,
Otterbein University,OH,"Private, nonprofit",49090,
Lycoming College,PA,"Private, nonprofit",49081,
Portland State University,OR,Public,49063,
Langston University,OK,Public,49061,
Georgia State University,GA,Public,49050,
The University of Texas at San Antonio,TX,Public,49048,
Roanoke College,VA,"Private, nonprofit",49018,
The University of Tennessee-Knoxville,TN,Public,49003,
William Paterson University of New Jersey,NJ,Public,48985,
Capital University,OH,"Private, nonprofit",48958,
Southern Illinois University Edwardsville,IL,Public,48951,
Longwood University,VA,Public,48942,
Radford University,VA,Public,48935,
California State University-Long Beach,CA,Public,48926,
Allegheny College,PA,"Private, nonprofit",48890,
University of Houston-Clear Lake,TX,Public,48885,
University of Baltimore,MD,Public,48862,
Duquesne University,PA,"Private, nonprofit",48850,
California State University-Channel Islands,CA,Public,48789,
Saint Leo University,FL,"Private, nonprofit",48786,
Florida Atlantic University,FL,Public,48754,
College of New Rochelle (The),,"Private, nonprofit",48735,
Southern Illinois University-Carbondale,IL,Public,48728,
University of Colorado Colorado Springs,CO,Public,48725,
University of Wisconsin-Green Bay,WI,Public,48711,
Webster University,MO,"Private, nonprofit",48689,
Lake Erie College,OH,"Private, nonprofit",48687,
University of Lynchburg,VA,"Private, nonprofit",48610,
SUNY College at Potsdam,NY,Public,48601,
Franklin Pierce University,NH,"Private, nonprofit",48547,
New England College,NH,"Private, nonprofit",48488,
Montclair State University,NJ,Public,48464,
Ball State University,IN,Public,48421,
University of Cincinnati-Main Campus,OH,Public,48406,
Friends University,KS,"Private, nonprofit",48375,
Western Carolina University,NC,Public,48350,
Eastern Michigan University,MI,Public,48346,
Rollins College,FL,"Private, nonprofit",48340,
California State University-San Bernardino,CA,Public,48326,
The University of Arizona Global Campus,AZ,"Private, for-profit",48325,
University of Maine,ME,Public,48242,
University of Houston-Downtown,TX,Public,48234,
Southern Oregon University,OR,Public,48217,
Presbyterian College,SC,"Private, nonprofit",48208,
Anderson University,IN,"Private, nonprofit",48181,
Georgia Southern University,GA,Public,48180,
Waynesburg University,PA,"Private, nonprofit",48163,
Oberlin College,OH,"Private, nonprofit",48109,
Crown College,MN,"Private, nonprofit",48095,
University of Michigan-Dearborn,MI,Public,48052,
SUNY Brockport,NY,Public,48050,
Wilkes University,PA,"Private, nonprofit",48033,
University of Missouri-St Louis,MO,Public,48014,
Southeastern University,FL,"Private, nonprofit",48011,
University of Arkansas,AR,Public,48006,
University of Hawaii at Manoa,HI,Public,48005,
Muskingum University,OH,"Private, nonprofit",48001,
Ohio Wesleyan University,OH,"Private, nonprofit",47941,
University of Central Oklahoma,OK,Public,47937,
Cornerstone University,MI,"Private, nonprofit",47933,
Lipscomb University,TN,"Private, nonprofit",47933,
University of Missouri-Kansas City,MO,Public,47928,
College of Charleston,SC,Public,47926,
Park University,MO,"Private, nonprofit",47818,
Eastern Oregon University,OR,Public,47816,
Corban University,OR,"Private, nonprofit",47815,
University of Illinois Springfield,IL,Public,47802,
Grand View University,IA,"Private, nonprofit",47798,
University of Akron Main Campus,OH,Public,47763,
Appalachian State University,NC,Public,47720,
Drake University,IA,"Private, nonprofit",47706,
Tarleton State University,TX,Public,47699,
Ashland University,OH,"Private, nonprofit",47671,
Sam Houston State University,TX,Public,47659,
Slippery Rock University of Pennsylvania,PA,Public,47654,
Utah Valley University,UT,Public,47596,
Chestnut Hill College,PA,"Private, nonprofit",47591,
Vanguard University of Southern California,CA,"Private, nonprofit",47582,
Bryan College-Dayton,TN,"Private, nonprofit",47549,
Eastern University,PA,"Private, nonprofit",47539,
Alfred University,NY,"Private, nonprofit",47445,
Hardin-Simmons University,TX,"Private, nonprofit",47423,
Western Colorado University,CO,Public,47401,
Lynn University,FL,"Private, nonprofit",47373,
Susquehanna University,PA,"Private, nonprofit",47367,
Elizabethtown College,PA,"Private, nonprofit",47359,
Monmouth College,IL,"Private, nonprofit",47329,
Yeshiva University,NY,"Private, nonprofit",47301,
Valdosta State University,GA,Public,47285,
Skidmore College,NY,"Private, nonprofit",47282,
Northern Kentucky University,KY,Public,47280,
Saint Xavier University,IL,"Private, nonprofit",47273,
University of South Florida,FL,Public,47257,
Southwest Minnesota State University,MN,Public,47249,
University of South Carolina-Columbia,SC,Public,47234,
Hope International University,CA,"Private, nonprofit",47206,
Texas Southern University,TX,Public,47185,
Chicago State University,IL,Public,47168,
Wartburg College,IA,"Private, nonprofit",47110,
Flagler College,FL,"Private, nonprofit",47078,
Concordia University-Nebraska,NE,"Private, nonprofit",47074,
Governors State University,IL,Public,47048,
SUNY at Fredonia,NY,Public,47043,
SUNY at Purchase College,NY,Public,47022,
Milligan University,,"Private, nonprofit",46990,
Southwestern Oklahoma State University,OK,Public,46983,
College of Our Lady of the Elms,MA,"Private, nonprofit",46976,
Middle Georgia State University,,Public,46976,
Coker University,SC,"Private, nonprofit",46921,
University of North Texas,TX,Public,46917,
East Stroudsburg University of Pennsylvania,PA,Public,46912,
Indiana University-Indianapolis,IN,Public,46904,
Judson University,IL,"Private, nonprofit",46816,
Trine University,IN,"Private, nonprofit",46798,
Trine University-Regional/Non-Traditional Campuses,IN,"Private, nonprofit",46798,
Texas Wesleyan University,TX,"Private, nonprofit",46737,
Midwestern State University,TX,Public,46729,
Tennessee State University,TN,Public,46721,
Lee University,TN,"Private, nonprofit",46719,
Indiana Institute of Technology,IN,"Private, nonprofit",46698,
Indiana Institute of Technology-College of Professional Studies,,"Private, nonprofit",46698,
University of New Mexico-Main Campus,NM,Public,46693,
LeTourneau University,TX,"Private, nonprofit",46679,
Limestone University,SC,"Private, nonprofit",46661,
University of Wisconsin-Parkside,WI,Public,46647,
East Texas A&M University,TX,Public,46639,
Concordia University-Chicago,IL,"Private, nonprofit",46590,
New Jersey City University,NJ,Public,46575,
University of Kentucky,KY,Public,46570,
University of Mobile,AL,"Private, nonprofit",46558,
University of Northwestern-St Paul,MN,"Private, nonprofit",46555,
Indiana University-South Bend,IN,Public,46521,
Wright State University-Main Campus,OH,Public,46507,
Wright State University-Lake Campus,OH,Public,46507,
Bowling Green State University-Main Campus,OH,Public,46481,
Point Loma Nazarene University,CA,"Private, nonprofit",46437,
Missouri Western State University,MO,Public,46402,
University of Alabama at Birmingham,AL,Public,46369,
Texas A&M University-San Antonio,,Public,46362,
Doane University,NE,"Private, nonprofit",46347,
Rochester Christian University,MI,"Private, nonprofit",46344,
Touro University Worldwide,CA,"Private, nonprofit",46340,
Shorter University,GA,"Private, nonprofit",46272,
Fort Lewis College,CO,Public,46256,
Kutztown University of Pennsylvania,PA,Public,46253,
Campbell University,NC,"Private, nonprofit",46246,
Fairmont State University,WV,Public,46235,
The University of Montana,MT,Public,46192,
Excelsior University,NY,"Private, nonprofit",46149,
Indiana University-Southeast,IN,Public,46145,
Lindenwood University,MO,"Private, nonprofit",46138,
Cleveland State University,OH,Public,46090,
Idaho State University,ID,Public,46073,
Becker College,,"Private, nonprofit",46058,
Baker College,MI,"Private, nonprofit",46049,
Robert Morris University,PA,"Private, nonprofit",46025,
Messiah University,PA,"Private, nonprofit",45982,
Colorado State University Pueblo,CO,Public,45974,
Lawrence University,WI,"Private, nonprofit",45971,
Mount Mercy University,IA,"Private, nonprofit",45951,
Berry College,GA,"Private, nonprofit",45943,
Hamline University,MN,"Private, nonprofit",45927,
Northern State University,SD,Public,45921,
Angelo State University,TX,Public,45910,
Pennsylvania Western University,,Public,45903,
California State Polytechnic University-Humboldt,CA,Public,45889,
Morehead State University,KY,Public,45874,
Lincoln University,MO,Public,45868,
Schreiner University,TX,"Private, nonprofit",45846,
Harding University,AR,"Private, nonprofit",45814,
University of Arkansas at Little Rock,AR,Public,45797,
Wingate University,NC,"Private, nonprofit",45795,
Hampton University,VA,"Private, nonprofit",45749,
Beloit College,WI,"Private, nonprofit",45715,
Mary Baldwin University,VA,"Private, nonprofit",45703,
University of Memphis,TN,Public,45700,
Aquinas College,MI,"Private, nonprofit",45698,
Baldwin Wallace University,OH,"Private, nonprofit",45686,
University of South Carolina-Upstate,SC,Public,45659,
New Mexico State University-Main Campus,NM,Public,45637,
Hollins University,VA,"Private, nonprofit",45633,
Saint Peter's University,NJ,"Private, nonprofit",45623,
The University of Texas at Arlington,TX,Public,45539,
University of Southern Maine,ME,Public,45529,
Coastal Carolina University,SC,Public,45469,
Westmont College,CA,"Private, nonprofit",45455,
Indiana University of Pennsylvania,PA,Public,45420,
Wheeling University,WV,"Private, nonprofit",45395,
Husson University,,"Private, nonprofit",45390,
Illinois College,IL,"Private, nonprofit",45388,
Mount Mary University,WI,"Private, nonprofit",45377,
Clark Atlanta University,GA,"Private, nonprofit",45368,
Liberty University,VA,"Private, nonprofit",45340,
Indiana University-Northwest,IN,Public,45323,
Marshall University,WV,Public,45309,
Fort Valley State University,GA,Public,45292,
Mid-America Christian University,OK,"Private, nonprofit",45276,
North Carolina A & T State University,NC,Public,45215,
West Texas A & M University,TX,Public,45193,
University of South Carolina Aiken,SC,Public,45163,
Oakland University,MI,Public,45141,
University of West Florida,FL,Public,45101,
Peru State College,NE,Public,45096,
Marywood University,PA,"Private, nonprofit",45088,
Dean College,MA,"Private, nonprofit",45086,
Medaille University,NY,"Private, nonprofit",45081,
Alverno College,WI,"Private, nonprofit",45066,
Tuskegee University,AL,"Private, nonprofit",45053,
Texas A&M University-Kingsville,TX,Public,45020,
William Peace University,NC,"Private, nonprofit",44997,
Washington College,MD,"Private, nonprofit",44955,
University of Saint Mary,KS,"Private, nonprofit",44902,
Goucher College,MD,"Private, nonprofit",44901,
Jackson State University,MS,Public,44881,
Arkansas State University,AR,Public,44872,
Geneva College,PA,"Private, nonprofit",44857,
Western Kentucky University,KY,Public,44848,
University of St Thomas,TX,"Private, nonprofit",44839,
Carlow University,PA,"Private, nonprofit",44786,
Buena Vista University,IA,"Private, nonprofit",44755,
La Roche University,PA,"Private, nonprofit",44709,
The University of Tennessee-Chattanooga,TN,Public,44700,
Western Illinois University,IL,Public,44683,
College of the Ozarks,MO,"Private, nonprofit",44659,
Saint Norbert College,WI,"Private, nonprofit",44634,
Southeast Missouri State University,MO,Public,44580,
University of Louisiana at Lafayette,LA,Public,44574,
University of Maine at Farmington,ME,Public,44544,
Converse University,SC,"Private, nonprofit",44498,
Northwestern State University of Louisiana,LA,Public,44492,
Trinity International University-Florida,FL,"Private, nonprofit",44451,
Trinity International University-Illinois,IL,"Private, nonprofit",44451,
College of Coastal Georgia,GA,Public,44438,
University of Virginia's College at Wise,VA,Public,44430,
Grace College and Theological Seminary,IN,"Private, nonprofit",44424,
Concordia College at Moorhead,MN,"Private, nonprofit",44399,
Birmingham-Southern College,AL,"Private, nonprofit",44315,
University of Louisiana at Monroe,LA,Public,44255,
Prairie View A & M University,TX,Public,44240,
Lees-McRae College,NC,"Private, nonprofit",44161,
University of Wisconsin-Superior,WI,Public,44116,
Troy University,AL,Public,44102,
Louisiana State University at Alexandria,LA,Public,44069,
Union University,TN,"Private, nonprofit",44056,
North Carolina Central University,NC,Public,44053,
Cameron University,OK,Public,44045,
Tennessee Technological University,TN,Public,44043,
Barry University,FL,"Private, nonprofit",44016,
Ottawa University-Phoenix,AZ,"Private, nonprofit",43959,
Ottawa University-Ottawa,KS,"Private, nonprofit",43959,
Ottawa University-Kansas City,KS,"Private, nonprofit",43959,
Ottawa University-Milwaukee,WI,"Private, nonprofit",43959,
Ottawa University-Online,KS,"Private, nonprofit",43959,
Ottawa University-Surprise,,"Private, nonprofit",43959,
Missouri State University-Springfield,MO,Public,43956,
New Mexico Highlands University,NM,Public,43926,
The University of Texas at Tyler,TX,Public,43908,
Middle Tennessee State University,TN,Public,43826,
University of North Carolina at Greensboro,NC,Public,43825,
Saint Mary's University of Minnesota,MN,"Private, nonprofit",43805,
University of Toledo,OH,Public,43795,
Indiana Wesleyan University-Marion,IN,"Private, nonprofit",43781,
University of Alaska Fairbanks,AK,Public,43764,
University of West Georgia,GA,Public,43731,
Stephen F Austin State University,TX,Public,43697,
Mercyhurst University,PA,"Private, nonprofit",43694,
Siena Heights University,MI,"Private, nonprofit",43672,
Purdue University Global,,Public,43607,
Roberts Wesleyan University,NY,"Private, nonprofit",43566,
Grambling State University,LA,Public,43561,
Austin College,TX,"Private, nonprofit",43522,
Virginia Wesleyan University,VA,"Private, nonprofit",43511,
Thiel College,PA,"Private, nonprofit",43457,
Seton Hill University,PA,"Private, nonprofit",43426,
University of South Alabama,AL,Public,43384,
Wells College,NY,"Private, nonprofit",43371,
Winthrop University,SC,Public,43365,
University of Central Arkansas,AR,Public,43363,
Fayetteville State University,NC,Public,43358,
Northern Michigan University,MI,Public,43349,
Eastern New Mexico University-Main Campus,NM,Public,43334,
Texas A & M University-Corpus Christi,TX,Public,43269,
Naropa University,CO,"Private, nonprofit",43238,
Thomas University,GA,"Private, nonprofit",43219,
Argosy University,,"Private, for-profit",43085,
Southwest Baptist University,MO,"Private, nonprofit",43058,
Nicholls State University,LA,Public,43011,
Central Christian College of Kansas,KS,"Private, nonprofit",43002,
University of North Carolina at Pembroke,NC,Public,42947,
Emory & Henry University,VA,"Private, nonprofit",42940,
Southern Arkansas University Main Campus,AR,Public,42925,
Lebanon Valley College,PA,"Private, nonprofit",42874,
Northwest Missouri State University,MO,Public,42827,
University of Idaho,ID,Public,42825,
Indiana State University,IN,Public,42822,
Kentucky State University,KY,Public,42743,
Bluffton University,OH,"Private, nonprofit",42742,
Cumberland University,TN,"Private, nonprofit",42713,
Wichita State University,KS,Public,42690,
Youngstown State University,OH,Public,42690,
Brenau University,GA,"Private, nonprofit",42586,
Covenant College,GA,"Private, nonprofit",42517,
University of St Francis,IL,"Private, nonprofit",42474,
West Virginia State University,WV,Public,42434,
Drury University,MO,"Private, nonprofit",42425,
Drury University-College of Continuing Professional Studies,,"Private, nonprofit",42425,
Black Hills State University,SD,Public,42417,
Texas A&M University-Central Texas,,Public,42417,
Southern Utah University,UT,Public,42393,
Texas A&M University-Victoria,TX,Public,42359,
East Tennessee State University,TN,Public,42358,
Texas A&M University-Texarkana,TX,Public,42355,
Kent State University at Ashtabula,OH,Public,42328,
Kent State University at East Liverpool,OH,Public,42328,
Kent State University at Stark,OH,Public,42328,
Kent State University at Trumbull,OH,Public,42328,
Kent State University at Tuscarawas,OH,Public,42328,
Kent State University at Salem,OH,Public,42328,
Kent State University at Kent,OH,Public,42328,
Kent State University at Geauga,OH,Public,42328,
Purdue University Northwest,,Public,42322,
Brigham Young University-Idaho,ID,"Private, nonprofit",42283,
University of Michigan-Flint,MI,Public,42255,
East Central University,OK,Public,42253,
Central Methodist University-College of Liberal Arts and Sciences,MO,"Private, nonprofit",42219,
Central Methodist University-College of Graduate and Extended Studies,MO,"Private, nonprofit",42219,
The University of Texas at El Paso,TX,Public,42190,
Sul Ross State University,TX,Public,42185,
Bridgewater College,VA,"Private, nonprofit",42141,
Ohio Christian University,OH,"Private, nonprofit",42140,
Alabama A & M University,AL,Public,42127,
Wilmington College,OH,"Private, nonprofit",42018,
Mississippi State University,MS,Public,41986,
North Carolina Wesleyan University,NC,"Private, nonprofit",41976,
Charleston Southern University,SC,"Private, nonprofit",41934,
Southern University and A & M College,LA,Public,41901,
Southern University Law Center,LA,Public,41901,
Alabama State University,AL,Public,41766,
Keiser University-Ft Lauderdale,FL,"Private, nonprofit",41668,
Fisher College,MA,"Private, nonprofit",41644,
Northwestern Oklahoma State University,OK,Public,41641,
Newberry College,SC,"Private, nonprofit",41585,
St. Mary's University,TX,"Private, nonprofit",41580,
Augusta University,,Public,41544,
Spalding University,KY,"Private, nonprofit",41460,
Auburn University at Montgomery,AL,Public,41393,
Eastern Kentucky University,KY,Public,41384,
Dalton State College,GA,Public,41357,
Shepherd University,WV,Public,41344,
Inter American University of Puerto Rico-Ponce,PR,"Private, nonprofit",41320,
Austin Peay State University,TN,Public,41303,
Columbus State University,GA,Public,41266,
Concord University,WV,Public,41259,
Spring Hill College,AL,"Private, nonprofit",41252,
Spring Arbor University,MI,"Private, nonprofit",41167,
Albany State University,GA,Public,41153,
Henderson State University,AR,Public,41112,
Lander University,SC,Public,41110,
Missouri Southern State University,MO,Public,41008,
Regent University,VA,"Private, nonprofit",41007,
Baptist University of Florida,FL,"Private, nonprofit",40963,
Chadron State College,NE,Public,40919,
Young Harris College,GA,"Private, nonprofit",40907,
University of Montevallo,AL,Public,40809,
Winston-Salem State University,NC,Public,40797,
King University,TN,"Private, nonprofit",40796,
Shawnee State University,OH,Public,40791,
Berea College,KY,"Private, nonprofit",40768,
University of the Cumberlands,KY,"Private, nonprofit",40751,
Louisiana State University-Shreveport,LA,Public,40731,
University of North Carolina Asheville,NC,Public,40673,
Neumann University,PA,"Private, nonprofit",40632,
Cabrini University,PA,"Private, nonprofit",40624,
University of Southern Indiana,IN,Public,40574,
University of Arkansas-Fort Smith,AR,Public,40519,
SUNY Polytechnic Institute,NY,Public,40318,
John Brown University,AR,"Private, nonprofit",40222,
University of Valley Forge,PA,"Private, nonprofit",40155,
The University of Texas Rio Grande Valley,TX,Public,40140,
Texas A & M International University,TX,Public,39993,
Lindsey Wilson University,KY,"Private, nonprofit",39969,
Mississippi Christian University,MS,"Private, nonprofit",39933,
South University-Montgomery,AL,"Private, for-profit",39694,
South University-West Palm Beach,FL,"Private, for-profit",39694,
South University-Savannah,GA,"Private, for-profit",39694,
South University-Columbia,SC,"Private, for-profit",39694,
South University-Tampa,FL,"Private, for-profit",39694,
South University-Richmond,VA,"Private, for-profit",39694,
South University-Virginia Beach,VA,"Private, for-profit",39694,
South University-Savannah Online,GA,"Private, for-profit",39694,
South University-Austin,TX,"Private, for-profit",39694,
Jacksonville State University,AL,Public,39687,
Central State University,OH,Public,39628,
Heidelberg University,OH,"Private, nonprofit",39600,
Our Lady of the Lake University,TX,"Private, nonprofit",39524,
Georgia Gwinnett College,GA,Public,39486,
Northeastern State University,OK,Public,39474,
Florida Agricultural and Mechanical University,FL,Public,39472,
Georgia Southwestern State University,GA,Public,39403,
Taylor University,IN,"Private, nonprofit",39400,
Missouri Baptist University,MO,"Private, nonprofit",39251,
University of Mount Olive,NC,"Private, nonprofit",39248,
Southern University at New Orleans,LA,Public,39139,
Hendrix College,AR,"Private, nonprofit",39070,
Lewis-Clark State College,ID,Public,38717,
Claflin University,SC,"Private, nonprofit",38625,
Arkansas Tech University,AR,Public,38611,
Saint Elizabeth University,NJ,"Private, nonprofit",38484,
Campbellsville University,KY,"Private, nonprofit",38373,
William Carey University,MS,"Private, nonprofit",38325,
The New School,NY,"Private, nonprofit",38181,
Whitman College,WA,"Private, nonprofit",38158,
The University of Tennessee Southern,TN,Public,38072,
Southeastern Louisiana University,LA,Public,37998,
Carson-Newman University,TN,"Private, nonprofit",37992,
Tusculum University,TN,"Private, nonprofit",37934,
University of Southern Mississippi,MS,Public,37925,
McKendree University,IL,"Private, nonprofit",37892,
Delta State University,MS,Public,37868,
Virginia State University,VA,Public,37861,
Ferrum College,VA,"Private, nonprofit",37841,
Houghton University,NY,"Private, nonprofit",37822,
Bethune-Cookman University,FL,"Private, nonprofit",37793,
University of New Orleans,LA,Public,37747,
Indiana University-Kokomo,IN,Public,37508,
Louisiana Tech University,LA,Public,37473,
Culver-Stockton College,MO,"Private, nonprofit",37472,
McNeese State University,LA,Public,37416,
Francis Marion University,SC,Public,37288,
Inter American University of Puerto Rico-Metro,PR,"Private, nonprofit",37149,
Southern Virginia University,VA,"Private, nonprofit",36808,
The University of Tennessee-Martin,TN,Public,36507,
Reed College,OR,"Private, nonprofit",36430,
Cairn University-Langhorne,PA,"Private, nonprofit",36295,
Pine Manor College,MA,"Private, nonprofit",36096,
Evangel University,MO,"Private, nonprofit",35914,
Southeastern Oklahoma State University,OK,Public,35428,
Alcorn State University,MS,Public,35015,
Athens State University,AL,Public,34242,
Truett McConnell University,GA,"Private, nonprofit",33517,
Chowan University,NC,"Private, nonprofit",33143,
Blue Mountain Christian University,MS,"Private, nonprofit",33003,
Columbia College,SC,"Private, nonprofit",32207,
Universidad Ana G. Mendez-Gurabo Campus,PR,"Private, nonprofit",31701,
University of Puerto Rico-Mayaguez,PR,Public,30372,
University of Puerto Rico-Rio Piedras,PR,Public,30052,
Florida Memorial University,FL,"Private, nonprofit",29042,
Universidad del Sagrado Corazon,PR,"Private, nonprofit",26597,
Universidad Ana G. Mendez-Carolina Campus,PR,"Private, nonprofit",26574,
Universidad Ana G. Mendez-Cupey Campus,PR,"Private, nonprofit",26280,
Pontifical Catholic University of Puerto Rico-Arecibo,PR,"Private, nonprofit",24118,
Pontifical Catholic University of Puerto Rico-Ponce,PR,"Private, nonprofit",24118,
Pontifical Catholic University of Puerto Rico-Mayaguez,PR,"Private, nonprofit",24118,
University of Puerto Rico at Cayey,PR,Public,23168,
Universidad Central de Bayamon,PR,"Private, nonprofit",18428,
